Ref,Val,Package,PosX,PosY,Rot,Side
"C69","10nf","C_0402_1005Metric",259.235700,-118.867800,180.000000,bottom
"C70","10nf","C_0402_1005Metric",259.235700,-109.617800,180.000000,bottom
"C71","10nf","C_0402_1005Metric",259.235700,-100.367800,180.000000,bottom
"C72","10nf","C_0402_1005Metric",259.340000,-90.710000,180.000000,bottom
"C73","10nf","C_0402_1005Metric",259.340000,-81.460000,180.000000,bottom
"C84","10u","C_0805_2012Metric",211.398800,-121.009400,180.000000,bottom
"C85","100n","C_0402_1005Metric",210.608800,-119.509400,180.000000,bottom
"C86","10u","C_0805_2012Metric",211.398800,-110.509400,180.000000,bottom
"C87","100n","C_0402_1005Metric",210.608800,-109.009400,180.000000,bottom
"C88","22u","C_1206_3216Metric",212.050000,-143.000000,180.000000,bottom
"C89","100n","C_0402_1005Metric",210.660000,-141.250000,180.000000,bottom
"C90","100n","C_0402_1005Metric",210.660000,-130.500000,180.000000,bottom
"C91","22u","C_1206_3216Metric",212.050000,-132.250000,180.000000,bottom
"D3","SMBJ18CA","D_SMB",258.500000,-126.000000,-90.000000,bottom
"D4","ESD5Z3.3T5G","D_SOD-523",210.948800,-118.200000,0.000000,bottom
"D6","ESD9B5.0ST5G","D_SOD-923",210.500000,-140.250000,180.000000,bottom
"D7","ESD5Z3.3T5G","D_SOD-523",210.948800,-107.700000,0.000000,bottom
"D8","ESD9B5.0ST5G","D_SOD-923",210.500000,-129.500000,180.000000,bottom
"Q1","DMN3404LQ-7","SOT-23",259.235700,-114.655800,0.000000,bottom
"Q2","DMN3404LQ-7","SOT-23",259.235700,-105.431200,0.000000,bottom
"Q3","DMN3404LQ-7","SOT-23",259.235700,-96.206600,0.000000,bottom
"Q4","DMN3404LQ-7","SOT-23",259.235700,-86.982000,0.000000,bottom
"Q5","DMN3404LQ-7","SOT-23",259.235700,-77.820000,0.000000,bottom
"R13","100","R_0402_1005Metric",212.510000,-61.250899,0.000000,bottom
"R14","100","R_0402_1005Metric",212.510000,-57.750899,0.000000,bottom
"R24","47","R_0402_1005Metric",210.430000,-78.748302,0.000000,bottom
"R29","47","R_0402_1005Metric",215.600000,-43.100000,0.000000,bottom
"R30","47","R_0402_1005Metric",215.600000,-44.100000,0.000000,bottom
"R36","100k","R_0402_1005Metric",215.520000,-102.783103,90.000000,bottom
"R42","2.2k","R_0402_1005Metric",212.430000,-75.250000,0.000000,bottom
"R43","2.2k","R_0402_1005Metric",212.430000,-78.748302,180.000000,bottom
"R44","220","R_0402_1005Metric",255.173200,-115.115800,180.000000,bottom
"R45","25k","R_0402_1005Metric",256.673200,-114.655800,-90.000000,bottom
"R46","470k","R_0402_1005Metric",260.400000,-120.000000,180.000000,bottom
"R47","100k","R_0402_1005Metric",259.235700,-117.617800,180.000000,bottom
"R48","820k","R_0402_1005Metric",258.500000,-121.250000,-90.000000,bottom
"R49","100k","R_0402_1005Metric",257.000000,-121.750000,180.000000,bottom
"R52","47.5k","R_0402_1005Metric",238.500000,-95.900000,180.000000,bottom
"R53","47.5k","R_0402_1005Metric",238.500000,-94.800000,0.000000,bottom
"R54","100k","R_0402_1005Metric",238.500000,-98.100000,180.000000,bottom
"R55","47.5k","R_0402_1005Metric",238.500000,-97.000000,0.000000,bottom
"R58","270k","R_0402_1005Metric",243.900000,-91.800000,90.000000,bottom
"R59","33.2k","R_0402_1005Metric",242.800000,-91.800000,90.000000,bottom
"R60","25k","R_0402_1005Metric",256.673200,-105.431200,-90.000000,bottom
"R61","220","R_0402_1005Metric",255.173200,-105.891200,180.000000,bottom
"R62","470k","R_0402_1005Metric",260.400000,-110.800000,180.000000,bottom
"R63","100k","R_0402_1005Metric",259.235700,-108.367800,180.000000,bottom
"R64","25k","R_0402_1005Metric",256.673200,-96.206600,-90.000000,bottom
"R65","220","R_0402_1005Metric",255.173200,-96.666600,180.000000,bottom
"R66","470k","R_0402_1005Metric",260.400000,-101.600000,180.000000,bottom
"R67","100k","R_0402_1005Metric",259.235700,-99.117800,180.000000,bottom
"R68","25k","R_0402_1005Metric",256.673200,-86.982000,-90.000000,bottom
"R69","25k","R_0402_1005Metric",256.673200,-77.820000,-90.000000,bottom
"R70","220","R_0402_1005Metric",255.173200,-87.442000,180.000000,bottom
"R71","470k","R_0402_1005Metric",260.430000,-91.970000,180.000000,bottom
"R72","220","R_0402_1005Metric",255.173200,-78.280000,180.000000,bottom
"R73","470k","R_0402_1005Metric",260.430000,-82.720000,180.000000,bottom
"R74","100k","R_0402_1005Metric",259.320000,-89.470000,180.000000,bottom
"R75","100k","R_0402_1005Metric",259.320000,-80.220000,180.000000,bottom
"R83","50","R_0402_1005Metric",236.213333,-154.080000,90.000000,bottom
"R84","100k","R_0402_1005Metric",236.213333,-156.050000,90.000000,bottom
"R85","50","R_0402_1005Metric",234.286667,-154.080000,90.000000,bottom
"R86","100k","R_0402_1005Metric",234.286667,-156.050000,90.000000,bottom
"R87","50","R_0402_1005Metric",228.173333,-154.080000,90.000000,bottom
"R88","100k","R_0402_1005Metric",228.173333,-156.050000,90.000000,bottom
"R89","50","R_0402_1005Metric",222.060000,-154.080000,90.000000,bottom
"R90","100k","R_0402_1005Metric",222.060000,-156.050000,90.000000,bottom
"R91","50","R_0402_1005Metric",215.946667,-154.080000,90.000000,bottom
"R92","100k","R_0402_1005Metric",215.946667,-156.050000,90.000000,bottom
"R93","50","R_0402_1005Metric",254.553333,-154.080000,90.000000,bottom
"R94","100k","R_0402_1005Metric",254.553333,-156.050000,90.000000,bottom
"R95","50","R_0402_1005Metric",248.440000,-154.080000,90.000000,bottom
"R96","100k","R_0402_1005Metric",248.440000,-156.050000,90.000000,bottom
"R97","50","R_0402_1005Metric",242.326667,-154.080000,90.000000,bottom
"R98","100k","R_0402_1005Metric",242.326667,-156.050000,90.000000,bottom
"R109","1k","R_0402_1005Metric",202.780000,-50.750000,90.000000,bottom
"R111","1k","R_0402_1005Metric",205.320000,-50.750000,90.000000,bottom
"R112","47","R_0402_1005Metric",210.430000,-75.250000,0.000000,bottom
"R113","100","R_0402_1005Metric",214.010000,-103.243103,0.000000,bottom
"R114","100","R_0402_1005Metric",214.010000,-99.743102,0.000000,bottom
"R115","33","R_0402_1005Metric",214.010000,-96.243102,0.000000,bottom
"R116","33","R_0402_1005Metric",214.010000,-92.736197,0.000000,bottom
"R117","100k","R_0402_1005Metric",211.139199,-149.250000,0.000000,bottom
"R118","49.9k","R_0402_1005Metric",214.000000,-145.250000,90.000000,bottom
"R119","49.9k","R_0402_1005Metric",214.000000,-134.500000,90.000000,bottom
"R120","100k","R_0402_1005Metric",211.139199,-138.500000,0.000000,bottom
"R121","105k","R_0402_1005Metric",213.948800,-122.759400,90.000000,bottom
"R122","105k","R_0402_1005Metric",213.948800,-112.259400,90.000000,bottom
"R123","100k","R_0402_1005Metric",211.968001,-127.259400,0.000000,bottom
"R124","100k","R_0402_1005Metric",211.968001,-116.759400,0.000000,bottom
"R131","1k","R_0402_1005Metric",267.680000,-37.900000,90.000000,bottom
"R132","1k","R_0402_1005Metric",265.140000,-37.900000,90.000000,bottom
"R134","1k","R_0402_1005Metric",262.600000,-37.900000,90.000000,bottom
"R135","1k","R_0402_1005Metric",260.060000,-37.900000,90.000000,bottom
"R136","1k","R_0402_1005Metric",257.520000,-37.900000,90.000000,bottom
"R137","1k","R_0402_1005Metric",260.130000,-41.370000,90.000000,bottom
"R138","1k","R_0402_1005Metric",259.047500,-41.370000,90.000000,bottom
"R139","1k","R_0402_1005Metric",257.965000,-41.370000,90.000000,bottom
"R140","1k","R_0402_1005Metric",256.882500,-41.370000,90.000000,bottom
"R141","1k","R_0402_1005Metric",255.800000,-41.370000,90.000000,bottom
"R142","1k","R_0402_1005Metric",207.860000,-50.750000,90.000000,bottom
"R143","1k","R_0402_1005Metric",210.400000,-50.750000,90.000000,bottom
"U10","TPD4E05U06DQA","USON-10_2.5x1.0mm_P0.5mm",211.000000,-88.865000,90.000000,bottom
"U15","TPS2553DBVR","DBV6",211.579200,-146.632400,90.000000,bottom
"U16","USBLC6-2SC6","SOT-23-6",235.250000,-35.250000,-90.000000,bottom
"U17","TPD4E05U06DQA","USON-10_2.5x1.0mm_P0.5mm",211.000000,-53.090000,90.000000,bottom
"U18","TPS2553DBVR","DBV6",211.579200,-135.750000,90.000000,bottom
"U19","TPS2553DBVR","DBV6",211.528000,-124.391800,90.000000,bottom
"U20","TPS2553DBVR","DBV6",211.528000,-113.891800,90.000000,bottom
"BZ1","PKMCS0909E48H0-R1","PKMCS0909E4000-R1_MUR",230.750000,-115.300000,-90.000000,top
"C1","22p","C_0402_1005Metric",253.509998,-146.000000,0.000000,top
"C2","100p","C_0402_1005Metric",254.259998,-144.000000,0.000000,top
"C3","47n","C_0402_1005Metric",254.759998,-143.000000,0.000000,top
"C4","10u","C_1210_3225Metric",258.400000,-144.900000,-90.000000,top
"C5",".22u","C_0402_1005Metric",258.009998,-138.044999,90.000000,top
"C6","22u","C_1206_3216Metric",250.000000,-126.900000,90.000000,top
"C7","22u","C_1206_3216Metric",252.400000,-126.900000,90.000000,top
"C8","100n","C_0402_1005Metric",247.250000,-126.405000,-90.000000,top
"C9","47n","C_0402_1005Metric",245.120000,-125.900000,180.000000,top
"C10","100n","C_0402_1005Metric",248.250000,-128.905000,90.000000,top
"C11","56p","C_0402_1005Metric",244.250000,-133.905000,0.000000,top
"C12","22u","C_1206_3216Metric",228.000000,-133.500000,180.000000,top
"C13","22u","C_1206_3216Metric",227.975000,-131.000000,180.000000,top
"C14","100n","C_0402_1005Metric",229.670000,-140.750000,0.000000,top
"C15","2.2u","C_0402_1005Metric",231.100000,-141.000000,-90.000000,top
"C16","10n","C_0805_2012Metric",235.000000,-139.550000,180.000000,top
"C17","1u","C_0603_1608Metric",232.225000,-147.750000,0.000000,top
"C18","22u","C_1206_3216Metric",232.975000,-143.250000,0.000000,top
"C19","22u","C_1206_3216Metric",232.975000,-145.750000,0.000000,top
"C20","100n","C_0402_1005Metric",229.000000,-102.410000,90.000000,top
"C21","4.7u","C_0805_2012Metric",221.250000,-99.575000,90.000000,top
"C22","30p","C_0402_1005Metric",238.250000,-104.275000,180.000000,top
"C23","30p","C_0402_1005Metric",236.250000,-104.275000,180.000000,top
"C24","10p","C_0402_1005Metric",232.500000,-104.275000,180.000000,top
"C25","10p","C_0402_1005Metric",228.480000,-104.275000,0.000000,top
"C26","1u","C_0603_1608Metric",242.500000,-104.900000,90.000000,top
"C27","100n","C_0402_1005Metric",238.100000,-29.480000,0.000000,top
"C28","100n","C_0402_1005Metric",221.800000,-135.000000,180.000000,top
"C29","1u","C_0603_1608Metric",222.300000,-132.250000,180.000000,top
"C30","10u","C_0805_2012Metric",222.550000,-130.500000,180.000000,top
"C31","100n","C_0402_1005Metric",234.340000,-101.960000,0.000000,top
"C32","100n","C_0402_1005Metric",247.710000,-80.275000,-90.000000,top
"C33","100n","C_0402_1005Metric",226.250000,-77.040000,180.000000,top
"C34","100n","C_0402_1005Metric",238.770000,-77.040000,180.000000,top
"C35","100n","C_0402_1005Metric",247.710000,-86.000000,90.000000,top
"C36","100n","C_0402_1005Metric",247.710000,-97.545000,90.000000,top
"C37","100n","C_0402_1005Metric",233.250000,-77.100000,180.000000,top
"C38","100n","C_0402_1005Metric",242.000000,-102.900000,0.000000,top
"C39","100n","C_0402_1005Metric",241.000000,-101.960000,180.000000,top
"C40","100n","C_0402_1005Metric",222.790000,-86.505000,-90.000000,top
"C41","100n","C_0402_1005Metric",222.790000,-91.590000,-90.000000,top
"C42","100n","C_0402_1005Metric",223.000000,-98.795000,90.000000,top
"C43","100n","C_0402_1005Metric",247.710000,-91.045000,90.000000,top
"C44","100n","C_0402_1005Metric",253.550000,-53.800000,-90.000000,top
"C45","1u","C_0603_1608Metric",252.100000,-53.700000,90.000000,top
"C46","4.7n","C_0402_1005Metric",253.200000,-134.800000,0.000000,top
"C47","1u","C_0402_1005Metric",233.250000,-76.100000,180.000000,top
"C48","10u","C_1210_3225Metric",255.250000,-126.900000,90.000000,top
"C50","100n","C_0402_1005Metric",216.500000,-85.420000,90.000000,top
"C51","2.2u","C_0603_1608Metric",226.230000,-75.750000,180.000000,top
"C52","2.2u","C_0603_1608Metric",249.000000,-80.275000,90.000000,top
"C53","100n","C_0402_1005Metric",232.300000,-108.950000,90.000000,top
"C54","22u","C_1206_3216Metric",217.800000,-115.750000,180.000000,top
"C55","10n","C_0805_2012Metric",224.800000,-123.050000,180.000000,top
"C56","22u","C_1206_3216Metric",217.800000,-113.250000,180.000000,top
"C57","2.2u","C_0402_1005Metric",221.000000,-123.450000,-90.000000,top
"C58","100n","C_0402_1005Metric",219.550000,-123.000000,0.000000,top
"C59","22u","C_1206_3216Metric",223.050000,-125.750000,0.000000,top
"C60","22u","C_1206_3216Metric",223.050000,-128.250000,0.000000,top
"C61","1u","C_0603_1608Metric",222.300000,-133.750000,0.000000,top
"C62","100n","C_0402_1005Metric",219.250000,-83.900000,0.000000,top
"C63","1u","C_0603_1608Metric",218.975000,-82.600000,0.000000,top
"C64","100p","C_0402_1005Metric",251.210000,-134.800000,180.000000,top
"C65","10p","C_0402_1005Metric",249.759998,-136.250000,90.000000,top
"C66","100n","C_0402_1005Metric",259.260000,-140.000000,-90.000000,top
"C67","10u","C_0805_2012Metric",250.700001,-74.850000,90.000000,top
"C68","100n","C_0402_1005Metric",216.210500,-60.970000,90.000000,top
"C74","100n","C_0402_1005Metric",248.680001,-72.300000,0.000000,top
"C75","1u","C_0603_1608Metric",248.950001,-71.050000,0.000000,top
"C76","1u","C_0603_1608Metric",245.750000,-132.655000,0.000000,top
"C77","22u","C_1206_3216Metric",243.025000,-136.810000,0.000000,top
"C78","100n","C_0402_1005Metric",250.500000,-68.350000,-90.000000,top
"C79","100n","C_0402_1005Metric",250.500000,-65.150000,90.000000,top
"C80","10n","C_0603_1608Metric",251.850000,-65.300000,90.000000,top
"C81","100n","C_0402_1005Metric",215.618000,-67.740000,-90.000000,top
"C82","100n","C_0402_1005Metric",218.868000,-66.240000,0.000000,top
"C83","100n","C_0402_1005Metric",218.388000,-73.240000,180.000000,top
"C92","100n","C_0402_1005Metric",254.510000,-26.130000,-90.000000,top
"C93","100n","C_0402_1005Metric",254.510000,-24.130000,90.000000,top
"C94","1u","C_0603_1608Metric",260.000000,-26.450000,-90.000000,top
"C95","10u","C_0805_2012Metric",258.010000,-26.670000,-90.000000,top
"C96","22u","C_1206_3216Metric",243.025000,-139.310000,0.000000,top
"C97","22u","C_1206_3216Metric",243.025000,-141.810000,0.000000,top
"C98","22u","C_1206_3216Metric",243.025000,-144.310000,0.000000,top
"C100","100n","C_0402_1005Metric",227.500000,-26.750000,-90.000000,top
"C103","1u","C_0603_1608Metric",224.900000,-22.100000,0.000000,top
"C104","100n","C_0402_1005Metric",227.500000,-24.750000,90.000000,top
"C105","100n","C_0402_1005Metric",212.480000,-40.100000,180.000000,top
"D1","RClamp0501B","D_SOD-882",211.000000,-36.200000,-90.000000,top
"D2","SMAJ9.0A","D_SMA",244.200000,-147.350000,0.000000,top
"D5","Cree LED CLV1A-FKB-CK1VW1DE1BB7C3C3","LED_Cree-PLCC4_3.2x2.8mm_CCW",243.490000,-117.250000,-90.000000,top
"FB1","FerriteBead","R_0603_1608Metric",256.000000,-26.450000,90.000000,top
"FB2","FerriteBead","R_0603_1608Metric",244.000000,-104.900000,-90.000000,top
"FB4","FerriteBead","R_0603_1608Metric",228.900000,-27.300000,-90.000000,top
"J1","XT60PB-M","AMASS_XT60-M_1x02_P7.20mm_Vertical",264.600000,-143.150000,90.000000,top
"J2","USB_C_Receptacle_USB2.0_14P","USB_C_Receptacle_HRO_TYPE-C-31-M-12",235.230000,-23.650000,180.000000,top
"J3","1040310811","microSD_HC_Molex_104031-0811",262.700000,-56.160000,90.000000,top
"J5","Conn_01x02_Socket","CONN_SD-39357-001_02P_MOL",265.546200,-127.740800,90.000000,top
"J6","PEC03SAAN","PinHeader_1x03_P2.54mm_Vertical",239.270000,-151.650000,0.000000,top
"J7","Screw_Terminal_01x02","CONN_SD-39357-001_02P_MOL",204.953800,-142.240800,-90.000000,top
"J8","Screw_Terminal_01x02","CONN_SD-39357-001_02P_MOL",204.953800,-131.625800,-90.000000,top
"J9","Conn_01x04","JST_GH_SM04B-GHS-TB_1x04-1MP_P1.25mm_Horizontal",266.050000,-43.520000,90.000000,top
"J10","Conn_01x02_Socket","CONN_SD-39357-001_02P_MOL",265.546200,-118.516200,90.000000,top
"J11","Conn_01x02_Socket","CONN_SD-39357-001_02P_MOL",265.546200,-109.291600,90.000000,top
"J12","Conn_01x02_Socket","CONN_SD-39357-001_02P_MOL",265.546200,-100.067000,90.000000,top
"J13","Conn_01x02_Socket","CONN_SD-39357-001_02P_MOL",265.546200,-90.842400,90.000000,top
"J14","Conn_01x02_Socket","CONN_SD-39357-001_02P_MOL",265.546200,-81.617800,90.000000,top
"J15","PEC03SAAN","PinHeader_1x03_P2.54mm_Vertical",231.230000,-151.650000,0.000000,top
"J16","PEC03SAAN","PinHeader_1x03_P2.54mm_Vertical",225.116667,-151.650000,0.000000,top
"J17","PEC03SAAN","PinHeader_1x03_P2.54mm_Vertical",219.003333,-151.650000,0.000000,top
"J18","PEC03SAAN","PinHeader_1x03_P2.54mm_Vertical",212.890000,-151.650000,0.000000,top
"J19","3 Pin PWM Header","PinHeader_1x03_P2.54mm_Vertical",257.610000,-151.650000,0.000000,top
"J20","3 Pin PWM Header","PinHeader_1x03_P2.54mm_Vertical",251.496667,-151.650000,0.000000,top
"J21","PEC03SAAN","PinHeader_1x03_P2.54mm_Vertical",245.383333,-151.650000,0.000000,top
"J22","Screw_Terminal_01x02","CONN_SD-39357-001_02P_MOL",204.953800,-121.010800,-90.000000,top
"J23","Screw_Terminal_01x02","CONN_SD-39357-001_02P_MOL",204.953800,-110.395800,-90.000000,top
"J24","Screw_Terminal_01x03","CONN_SD-39357-001_03P_MOL",204.953800,-54.250899,-90.000000,top
"J25","Screw_Terminal_01x04","CONN_SD-39357-001_04P_MOL",204.953800,-68.248300,-90.000000,top
"J26","Screw_Terminal_01x06","CONN_SD-39357-001_06P_MOL",204.953800,-85.743097,-90.000000,top
"J27","SMA","SMA_Amphenol_901-144_Vertical",205.960000,-35.330000,0.000000,top
"J28","15910100","CONN_713080000-SD_10_M6p10_MOL",207.860000,-46.420001,0.000000,top
"J29","15910100","CONN_713080000-SD_10_M6p10_MOL",262.600000,-33.715851,180.000000,top
"L1","10u","L_Coilcraft_XAL5050-XXX",224.300000,-143.100000,0.000000,top
"L2","1.8u","IND_XAL6030-182MEC",239.650000,-132.000000,-90.000000,top
"L3","4.7u","L_Coilcraft_XAL4030-XXX",216.700000,-126.000000,90.000000,top
"L5","27n","L_0402_1005Metric",211.900000,-38.250000,90.000000,top
"Q6","DMN3404L-7","SOT-23",238.490000,-120.000000,0.000000,top
"Q7","DMN3404L-7","SOT-23",249.490000,-119.500000,0.000000,top
"Q8","DMN3404L-7","SOT-23",248.427500,-114.500000,180.000000,top
"R1","1.54k","R_0402_1005Metric",251.759998,-143.500000,-90.000000,top
"R2","4.22k","R_0402_1005Metric",253.509998,-147.000000,0.000000,top
"R3","40.2k","R_0402_1005Metric",254.259998,-145.000000,0.000000,top
"R4","365k","R_0402_1005Metric",256.259998,-143.500000,90.000000,top
"R5","0","R_0402_1005Metric",245.120000,-124.900000,0.000000,top
"R6","100k","R_0402_1005Metric",248.250000,-126.405000,90.000000,top
"R7","130k","R_0402_1005Metric",244.250000,-134.905000,0.000000,top
"R8","10k","R_0402_1005Metric",246.750000,-133.905000,0.000000,top
"R9","40.2k","R_0402_1005Metric",235.700000,-137.960000,180.000000,top
"R10","10k","R_0402_1005Metric",234.225000,-137.500000,90.000000,top
"R11","100k","R_0402_1005Metric",232.750000,-140.990000,90.000000,top
"R12","10k","R_0402_1005Metric",222.320000,-95.275000,0.000000,top
"R15","5.1k","R_0402_1005Metric",236.650000,-29.950000,-90.000000,top
"R16","10k","R_0402_1005Metric",240.000000,-103.000000,0.000000,top
"R17","100k","R_0402_1005Metric",222.450000,-123.450000,90.000000,top
"R18","10k","R_0402_1005Metric",224.050000,-120.000000,90.000000,top
"R19","23.2k","R_0402_1005Metric",224.500000,-121.500000,180.000000,top
"R20","5.1k","R_0402_1005Metric",233.480000,-29.950000,90.000000,top
"R21","10k","R_0402_1005Metric",262.862500,-63.565000,180.000000,top
"R22","47k","R_0402_1005Metric",249.800000,-62.070000,-90.000000,top
"R23","47k","R_0402_1005Metric",250.900000,-62.070000,-90.000000,top
"R25","47k","R_0402_1005Metric",252.000000,-62.070000,-90.000000,top
"R26","47k","R_0402_1005Metric",254.200000,-62.070000,-90.000000,top
"R27","33k","R_0402_1005Metric",232.780000,-34.180000,-90.000000,top
"R28","82k","R_0402_1005Metric",232.780000,-36.190000,-90.000000,top
"R31","150","R_0402_1005Metric",259.260000,-137.054999,-90.000000,top
"R32","133k","R_0402_1005Metric",251.710000,-133.290000,90.000000,top
"R33","13.7k","R_0402_1005Metric",250.210000,-133.800000,0.000000,top
"R34","1.5M","R_0402_1005Metric",248.759998,-138.250000,-90.000000,top
"R35","100k","R_0402_1005Metric",248.759998,-136.250000,-90.000000,top
"R37","100k","R_0402_1005Metric",247.700000,-62.850000,90.000000,top
"R38","100k","R_0402_1005Metric",244.950001,-75.060000,90.000000,top
"R39","100k","R_0402_1005Metric",217.760000,-88.150000,180.000000,top
"R40","2.2k","R_0402_1005Metric",221.118000,-73.750000,-90.000000,top
"R41","2.2k","R_0402_1005Metric",219.868000,-73.740000,-90.000000,top
"R50","47","R_0402_1005Metric",228.800000,-109.600000,180.000000,top
"R51","47","R_0402_1005Metric",228.800000,-120.900000,0.000000,top
"R56","47.5k","R_0402_1005Metric",245.250000,-103.550000,90.000000,top
"R57","47.5k","R_0402_1005Metric",245.250000,-101.500000,-90.000000,top
"R76","47k","R_0402_1005Metric",253.100000,-62.050000,-90.000000,top
"R77","10k","R_0402_1005Metric",217.368000,-65.750000,90.000000,top
"R78","10k","R_0402_1005Metric",215.118000,-70.240000,180.000000,top
"R79","10k","R_0402_1005Metric",215.118000,-71.240000,180.000000,top
"R80","10k","R_0402_1005Metric",215.128000,-69.240000,180.000000,top
"R81","4.7k","R_0402_1005Metric",215.618000,-72.740000,90.000000,top
"R82","4.7k","R_0402_1005Metric",216.868000,-73.750000,90.000000,top
"R99","10k","R_0402_1005Metric",258.710000,-71.780000,180.000000,top
"R100","500","R_0402_1005Metric",258.710000,-69.780000,0.000000,top
"R101","91","R_0402_1005Metric",246.240000,-118.500000,0.000000,top
"R102","220","R_0402_1005Metric",246.490000,-120.500000,180.000000,top
"R103","91","R_0402_1005Metric",240.740000,-118.500000,180.000000,top
"R104","220","R_0402_1005Metric",235.490000,-121.000000,180.000000,top
"R105","150","R_0402_1005Metric",246.250000,-116.000000,0.000000,top
"R106","220","R_0402_1005Metric",251.490000,-113.500000,0.000000,top
"R107","100k","R_0402_1005Metric",238.490000,-122.500000,180.000000,top
"R108","100k","R_0402_1005Metric",248.490000,-112.000000,0.000000,top
"R110","100k","R_0402_1005Metric",249.490000,-122.000000,180.000000,top
"R125","100k","R_0402_1005Metric",242.260000,-26.700000,0.000000,top
"R126","10k","R_0402_1005Metric",254.510000,-28.130000,90.000000,top
"R127","10k","R_0402_1005Metric",242.260000,-25.700000,0.000000,top
"R128","100k","R_0402_1005Metric",242.260000,-24.700000,180.000000,top
"R129","1k","R_0402_1005Metric",243.000000,-127.405000,90.000000,top
"R130","100k","R_0402_1005Metric",243.500000,-125.155000,90.000000,top
"R133","19","R_0402_1005Metric",214.450000,-40.100000,180.000000,top
"R144","22k","R_0402_1005Metric",247.790000,-124.950000,0.000000,top
"SW2","SW_SPDT","SW_Slide_SPDT_Angled_CK_OS102011MA1Q",262.550000,-71.800000,90.000000,top
"U1","ADXL375BCCZ","LGA_CC-14-1_ADI",247.700000,-66.700000,180.000000,top
"U2","SN74LVC1G32DBVR","SOT-23-5",243.300000,-64.850000,0.000000,top
"U3","LM76003","Texas_RNP0030B_WQFN-30-1EP_4x6mm_P0.5mm_EP1.8x4.5mm_ThermalVias",229.975000,-137.362500,90.000000,top
"U4","LM76002","Texas_RNP0030B_WQFN-30-1EP_4x6mm_P0.5mm_EP1.8x4.5mm_ThermalVias",219.730000,-119.800000,90.000000,top
"U5","MP8772GQ-P","QFN-16_MP8772GQ-P_MNP",245.745300,-129.680000,-90.000000,top
"U6","STM32H743ZIT6","LQFP-144_20x20mm_P0.5mm",235.250000,-89.525000,90.000000,top
"U7","TPD6E05U06RVZ","Texas_R-PUSON-N14",250.437500,-58.000000,0.000000,top
"U9","MMC5983MA","MMC5983MA_MEM",247.475001,-74.800000,0.000000,top
"U11","TPS16850VMAR","IC_TPS16850VMAR",253.284998,-138.840000,90.000000,top
"U12","BNO085","LGA-28_CEV",218.368000,-69.740000,0.000000,top
"U14","MS561101BA03-50","LGA-8_3x5mm_P1.25mm",218.718000,-61.050000,0.000000,top
"U21","NINA-B112-05B","XCVR_NINA-B112-04B",248.750000,-26.500000,180.000000,top
"U23","NEO-M9N","ublox_NEO",219.650000,-31.250000,0.000000,top
"U27","LSM6DSV16BTR","PQFN50P250X300X74-14N",218.925000,-85.950000,180.000000,top
"Y1","8MHz Crystal (ABM3B-8.000MHZ-18-D2Y-T)","Crystal_SMD_Abracon_ABM3B-4Pin_5.0x3.2mm",236.172500,-107.002500,0.000000,top
"Y2","32.768 kHz Crystal (ABS07-32.768KHZ-9-T)","CAP_ABS07-32.768KHZ-T_ABR",230.490400,-105.952500,0.000000,top
